{
    "3-OH_butyrate": [
        0.05373275536278029,
        5435.434593889255
    ],
    "DHPS": [
        0.006569107561518273,
        7056.96839049076
    ],
    "DMSP": [
        0.08422157878206404,
        5523.2340505560405
    ],
    "GlcNac": [
        0.11860276126306529,
        2572.8277290607357
    ],
    "cadaverine": [
        0.03041575523119856,
        5288.933705616122
    ],
    "carnitine": [
        0.04395176945385584,
        3533.9912113680243
    ],
    "choline": [
        0.04966665028902359,
        4692.292758723538
    ],
    "citrate": [
        0.1167251037214877,
        3116.1124960254133
    ],
    "cysteate": [
        0.008187426435138171,
        1657.6524625955717
    ],
    "ectoine": [
        0.09878064929932638,
        4194.982041677822
    ],
    "fumarate": [
        0.08830190189760342,
        3931.836352088671
    ],
    "glucose": [
        0.03318369943043157,
        42.265671936162946
    ],
    "glycerol": [
        0.03124135140809216,
        11764.267977049047
    ],
    "isethionate": [
        0.0015169875125558565,
        999.9994888515397
    ],
    "malate": [
        0.07104056411461165,
        5360.318232731523
    ],
    "putresceine": [
        0.02438875138872526,
        6914.637923729997
    ],
    "spermidine": [
        0.06526982435325132,
        2418.77203334246
    ],
    "succinate": [
        0.0861991976319061,
        4402.946037778684
    ],
    "taurine": [
        0.012346582572035013,
        14153.700759585896
    ],
    "thymidine": [
        0.01655608918764489,
        1896.0947095436327
    ],
    "xylose": [
        0.00728520557415065,
        8110.591927638103
    ],
    "acetate": [
        0.22864830720097212,
        2596.8719582850404
    ]
}