choline,thymidine,putresceine,fumarate,cadaverine,spermidine,GlcNac,cysteate,glycerol,malate,carnitine,ectoine,glucose,DMSP,xylose,succinate,citrate,3-OH_butyrate,isethionate,taurine,DHPS
0.03390155167568132,0.01607108337190777,0.013008347908572526,0.03205144309637975,0.015626271752052223,0.016668210133795935,0.02150620522096358,0.03126017849066698,0.03637967714121415,0.042910692907444314,0.029034866463452214,0.024395082084715858,0.03479664589959752,0.01438948227502157,0.009009252751339236,0.020715029081284198,0.04213017180887002,0.05795395895606947,0.010837008524181013,0.01183445764700286,0.009670862280793058
0.036203048663960624,0.01574933352968544,0.01979067938698542,0.03708666474750422,0.01554696332139982,0.016503148234085052,0.05129329438755059,0.02945951242981848,0.03197436230013673,0.037010832625700485,0.028072364504551306,0.02000266730684941,0.031265388153549734,0.016718466211397054,0.004366839984377258,0.02316635532245981,0.05852827771050895,0.04929414762876294,0.009615680963943829,0.00966191091173707,0.010471586922621623
0.036870535808327665,0.014875302220877407,0.01878030865826763,0.029920000178008443,0.01613043110911072,0.013560153109596906,0.05200478499031447,0.02419827043092515,0.029055369407609444,0.03605398574352747,0.024388039880787638,0.019804569047522813,0.03157894943298467,0.019450837161527512,0.009174569334098326,0.021113959512923275,0.06559938568804535,0.04895530771789092,0.00938974034983886,0.01176484157958635,0.010526704598916248
