spermidine,putresceine,glucose,cysteate,thymidine,fumarate,xylose,choline,3-OH_butyrate,DMSP,malate,DHPS,glycerol,carnitine,GlcNac,cadaverine,taurine,citrate,ectoine,isethionate,succinate
0.016668210133795824,0.013008347908570528,0.0530153722774358,0.0312601784906672,0.016071083371908657,0.03205144309638008,0.009009252751338792,0.03390155167567954,0.05795395895607136,0.014389482275021237,0.042910692907444314,0.009670862280792392,0.03637967714121437,0.029034866463451436,0.02150620522096247,0.015626271752053,0.011834457647001528,0.042130171808869576,0.02439508208471608,0.010837008524180902,0.020715029081285863
0.01650314823408472,0.019790679386987975,0.04613360685308443,0.0294595124298187,0.015749333529685217,0.037086664747501885,0.004366839984378146,0.0362030486639604,0.04929414762876405,0.01671846621139572,0.037010832625700374,0.010471586922621512,0.031974362300136505,0.028072364504550862,0.051293294387551924,0.015546963321400042,0.009661910911738403,0.05852827771050961,0.02000266730684963,0.00961568096394494,0.023166355322459253
0.013560153109597906,0.01878030865826652,0.04481699268203343,0.024198270430925817,0.014875302220879405,0.029920000178007555,0.009174569334099658,0.03687053580832966,0.048955307717889696,0.019450837161526735,0.036053985743526695,0.01052670459891658,0.029055369407609888,0.02438803988078675,0.052004784990316466,0.016130431109111498,0.011764841579584129,0.07035902150045281,0.01980456904752259,0.00938974034983886,0.021113959512922165
