3-OH_butyrate,citrate,xylose,cysteate,ectoine,DMSP,DHPS,cadaverine,isethionate,succinate,glycerol,malate,putresceine,thymidine,choline,GlcNac,carnitine,taurine,fumarate,glucose,spermidine
0.05795395895606781,0.042130171808869576,0.009009252751338792,0.0312601784906672,0.02439508208471608,0.014389482275021237,0.009670862280794168,0.015626271752053,0.010837008524180902,0.02071502908128231,0.03637967714121437,0.04291069290744609,0.01300834790857408,0.01607108337190688,0.033901551675683095,0.02150620522096247,0.029034866463453213,0.011834457647001528,0.03205144309638008,0.053015372277434025,0.016668210133795824
0.04929414762876405,0.05852827771050784,0.0043668399843763694,0.029459512429820478,0.02000266730684963,0.016718466211399274,0.010471586922621512,0.015546963321400042,0.009615680963943163,0.02316635532246103,0.031974362300136505,0.03701083262570215,0.019790679386984422,0.015749333529685217,0.0362030486639604,0.05129329438754837,0.028072364504552638,0.00966191091173485,0.03708666474750544,0.046133606853086206,0.01650314823408472
0.04895530771789147,0.07035902150045459,0.009174569334097882,0.02419827043092404,0.01980456904752259,0.01945083716152851,0.010526704598914804,0.016130431109109722,0.00938974034983886,0.02111395951292394,0.02905536940760811,0.03605398574353025,0.018780308658268297,0.014875302220875852,0.03687053580832611,0.05200478499031291,0.024388039880788526,0.011764841579587682,0.029920000178007555,0.04481699268203343,0.01356015310959613
