{
    "3-OH_butyrate": -745.7778363011562,
    "DHPS": -167.39266933902005,
    "DMSP": -1649.496635559861,
    "GlcNac": -884.4931450628146,
    "cadaverine": -424.2937537639489,
    "carnitine": -242.1471400720749,
    "choline": -416.08778998736807,
    "citrate": -986.6297152185173,
    "cysteate": -110.95697773707936,
    "ectoine": -1464.8882021934166,
    "fumarate": -1449.5840071115883,
    "glucose": -87.05074426476753,
    "glycerol": -1039.0972063184586,
    "isethionate": -98.41356578152096,
    "malate": -1325.5403393768593,
    "putresceine": -813.9028516252424,
    "spermidine": -624.5963595322303,
    "succinate": -1631.0443957909097,
    "taurine": -395.32340127143027,
    "thymidine": -71.60130941274332,
    "xylose": -138.22914449979058
}