{
    "3-OH_butyrate": -184.2838193108605,
    "DHPS": -46.235536660492,
    "DMSP": -359.06498409948375,
    "GlcNac": -166.38425130729146,
    "cadaverine": -84.6715141643884,
    "carnitine": -59.21130488922698,
    "choline": -95.54875179814772,
    "citrate": -222.88283161367013,
    "cysteate": -42.06995906799276,
    "ectoine": -273.79081759071533,
    "fumarate": -226.25750195924635,
    "glucose": -19.834229082219053,
    "glycerol": -308.26075799386956,
    "isethionate": -39.858353530817745,
    "malate": -277.5531738819065,
    "putresceine": -169.15013502547055,
    "spermidine": -74.38908745939223,
    "succinate": -247.15227177375607,
    "taurine": -120.342629500065,
    "thymidine": -17.96815619749909,
    "xylose": -38.983497837673404,
    "acetate": -1383.342343640747
}