{
    "3-OH_butyrate": -0.04063098420019035,
    "DHPS": -0.010168007679317869,
    "DMSP": -0.10397089734789695,
    "GlcNac": -0.03804503023946508,
    "cadaverine": -0.018643723769365916,
    "carnitine": -0.013021213688928363,
    "choline": -0.021020666960688453,
    "citrate": -0.05955255015108683,
    "cysteate": -0.009242033258985599,
    "ectoine": -0.06937237055161241,
    "fumarate": -0.0566700875062312,
    "glucose": -0.004355039606040071,
    "glycerol": -0.06798869003298383,
    "isethionate": -0.00876534960071194,
    "malate": -0.06653243338907044,
    "putresceine": -0.03751903494561241,
    "spermidine": -0.01643470204103739,
    "succinate": -0.062090328102585295,
    "taurine": -0.02646373209805144,
    "thymidine": -0.003955666576881229,
    "xylose": -0.008576786681039004,
    "acetate": -727.2500361383821
}