{
    "glucose": {
        "Vmax": 2.6437952622728598,
        "K_M": 0.18498591917419427
    },
    "acetate": {
        "Vmax": 12.485320493941506,
        "K_M": 0.04156245303254351
    }
}