{
    "3-OH_butyrate": -66.46139734797025,
    "DHPS": -34.54270556917545,
    "DMSP": -93.29591181864359,
    "GlcNac": -38.107134617475026,
    "cadaverine": -38.62927556409902,
    "carnitine": -25.13198839445942,
    "choline": -46.56930572302826,
    "citrate": -44.667487083454176,
    "cysteate": -22.780454471968607,
    "ectoine": -72.89607538965939,
    "fumarate": -94.02674384752713,
    "glucose": -9.385976022207421,
    "glycerol": -117.15410943442582,
    "isethionate": -28.52169594205564,
    "malate": -86.73789601788498,
    "putresceine": -55.00258616672548,
    "spermidine": -31.414534884078922,
    "succinate": -109.34579215207559,
    "taurine": -104.38336347597796,
    "thymidine": -5.920627087252061,
    "xylose": -19.298905323801318
}