{
    "3-OH_butyrate": -0.18468626453993836,
    "DHPS": -0.046218189641276136,
    "DMSP": -0.47229039281959034,
    "GlcNac": -0.1729316616748399,
    "cadaverine": -0.08474419768930215,
    "carnitine": -0.05918729995938522,
    "choline": -0.09554838240147222,
    "citrate": -0.27059494907630693,
    "cysteate": -0.04200920613790541,
    "ectoine": -0.3153183569465195,
    "fumarate": -0.2575713378985464,
    "glucose": -0.019795603315952686,
    "glycerol": -0.30903941802803314,
    "isethionate": -0.03984247175406644,
    "malate": -0.3023840877278103,
    "putresceine": -0.1705406589832653,
    "spermidine": -0.07470311266565323,
    "succinate": -0.28221309290753266,
    "taurine": -0.12028965707429991,
    "thymidine": -0.01798027405107109,
    "xylose": -0.03898536544177536,
    "acetate": -7.272418169497571
}