{
    "Cadaverine": -0.07348285801088994,
    "Glucose": -0.03583487025685972,
    "Isethionate": -0.010065718875126991,
    "Putrescine": -0.11805055600234234,
    "Spermidine": -0.11713763476751966,
    "Taurine": -0.006730222688271892,
    "Xylose": -0.015421905902618981,
    "Citrate": -0.4916919807259171,
    "DMSP": -0.49928871225899846,
    "Fumarate": -0.5085863602304239,
    "N-acetylglucosamine": -0.47970522770709284,
    "Glycerol": -0.10005773657242245,
    "Malate": -0.5085863602304239,
    "Succinate": -0.5085863602304239,
    "Carnitine": -0.024752344913154766,
    "Cysteate": -0.020555269329145778,
    "3-Hydroxybutyrate": -0.1388418545906335,
    "Thymidine": -0.013031487916829029,
    "Choline": -0.048413523670101516,
    "DHPS": -0.02245818753052863,
    "Ectoine": -0.13884185459063353
}