{
    "3-OH_butyrate": -0.045923547639434084,
    "DHPS": -0.023363052025666832,
    "DMSP": -0.2525853572182169,
    "GlcNac": -0.04287678630874924,
    "cadaverine": -0.03682417215966473,
    "carnitine": -0.030468489197372745,
    "choline": -0.03519228415610252,
    "citrate": -0.06352962688734902,
    "cysteate": -0.011924687306043623,
    "ectoine": -0.13263460136540117,
    "fumarate": -0.04595108674444819,
    "glucose": -0.003376628140375244,
    "glycerol": -0.15836769931427142,
    "isethionate": -0.02130613566695476,
    "malate": -0.08766064292190416,
    "putresceine": -0.06476580684462056,
    "spermidine": -0.013243338140157386,
    "succinate": -0.06798168324070927,
    "taurine": -0.06432602377115845,
    "thymidine": -0.009615123357002238,
    "xylose": -0.020847792507823038,
    "acetate": -7.272418169497571
}