{
    "3-OH_butyrate": [
        0.053732852907508205,
        1195.791803595982
    ],
    "DHPS": [
        0.006570184841665612,
        1552.858313414717
    ],
    "DMSP": [
        0.08421661796290487,
        1214.9563964833376
    ],
    "GlcNac": [
        0.1186002240191022,
        566.0070809105836
    ],
    "cadaverine": [
        0.030414776401118605,
        1163.5383440802682
    ],
    "carnitine": [
        0.04395180913482392,
        777.478688727941
    ],
    "choline": [
        0.04966618456797014,
        1032.2961283691307
    ],
    "citrate": [
        0.11672290842942375,
        685.5081459818394
    ],
    "cysteate": [
        0.008187504316425228,
        364.70955983908146
    ],
    "ectoine": [
        0.09877895998811106,
        922.8672124225805
    ],
    "fumarate": [
        0.08830159618348088,
        864.9883074161002
    ],
    "glucose": [
        0.033183774305975314,
        9.300364443889356
    ],
    "glycerol": [
        0.031243258964582327,
        2588.2420314072124
    ],
    "isethionate": [
        0.0026131452852118943,
        2701.398981336326
    ],
    "malate": [
        0.07103919109554,
        1179.2202640128635
    ],
    "putresceine": [
        0.02438863350766582,
        1521.1947574244346
    ],
    "spermidine": [
        0.06526902302709783,
        532.1211690167246
    ],
    "succinate": [
        0.08619957328195575,
        968.656136275224
    ],
    "taurine": [
        0.01235370789706929,
        3115.2539795907555
    ],
    "thymidine": [
        0.01654992100220931,
        416.847559896283
    ],
    "xylose": [
        0.0072848226924617605,
        1784.2850424624116
    ],
    "acetate": [
        0.22864830720097212,
        2596.8719582850404
    ]
}