{
    "3-OH_butyrate": -0.389605427831699,
    "DHPS": -0.12947619571403404,
    "DMSP": -1.5732577858303913,
    "GlcNac": -0.3463329004002194,
    "cadaverine": -0.20573164468826083,
    "carnitine": -0.18905867836208373,
    "choline": -0.21409514537979374,
    "citrate": -0.5282583500928796,
    "cysteate": -0.09968877657738277,
    "ectoine": -0.8246394563070827,
    "fumarate": -0.4468885006402489,
    "glucose": -0.042879455702859816,
    "glycerol": -1.226220249325237,
    "isethionate": -0.17494248729915785,
    "malate": -0.6553405793981663,
    "putresceine": -0.45316688430518975,
    "spermidine": -0.12825613008709133,
    "succinate": -0.5256582574526902,
    "taurine": -0.35930157592323775,
    "thymidine": -0.0648800127607374,
    "xylose": -0.21403895505485823,
    "acetate": -7.272418169497571
}