{
    "3-OH_butyrate": -38481.14906447478,
    "DHPS": -20000.226524552538,
    "DMSP": -54018.332942995294,
    "GlcNac": -22064.030943517526,
    "cadaverine": -22366.350551613337,
    "carnitine": -14551.42128039221,
    "choline": -26963.62801363336,
    "citrate": -26469.36281791475,
    "cysteate": -13189.883139269954,
    "ectoine": -42206.82765061282,
    "fumarate": -54441.48468771835,
    "glucose": -8200.825090914199,
    "glycerol": -67832.22936253218,
    "isethionate": -16514.061950450116,
    "malate": -50221.24179435684,
    "putresceine": -31846.497390534332,
    "spermidine": -18189.015697881525,
    "succinate": -63311.2136560518,
    "taurine": -60437.96745259064,
    "thymidine": -3428.0430835188604,
    "xylose": -11174.06618248078
}