{
    "10-FORMYL-DIHYDROFOLATE-GLU-N[c]": -0.000162290114245086,
    "CA+2[c]": -0.00338370545358347,
    "CO+2[c]": -0.00225580363572238,
    "CPD-9956[c]": -0.000162290114245086,
    "CPD0-2278[p]": -0.00877614088277856,
    "DATP[c]": -0.0201305391442802,
    "DCTP[c]": -0.0158339011966872,
    "DGTP[c]": -0.0158339011966872,
    "ENTEROBACTIN[c]": -0.000162290114245086,
    "FAD[c]": -0.000162290114245086,
    "FE+2[c]": -0.0050755581803753,
    "FE+3[c]": -0.0050755581803753,
    "HIS[c]": -0.0800460095991076,
    "K+[c]": -0.126888954509381,
    "KDO2-LIPID-IVA[p]": -0.0122803166267645,
    "MG+2[c]": -0.00563950908930585,
    "MN+2[c]": -0.00225580363572238,
    "PROTOHEME[c]": -0.000162290114245086,
    "PRO[c]": -0.14205692588008,
    "PYRIDOXAL_PHOSPHATE[c]": -0.000162290114245086,
    "RIBOFLAVIN[c]": -0.000162290114245086,
    "SULFATE[c]": -0.00281975454465292,
    "THIAMINE-PYROPHOSPHATE[c]": -0.000162290114245086,
    "THR[c]": -0.209592790804818,
    "TRP[c]": -0.0457336563100439,
    "DTTP[c]": -0.0201305391442802,
    "TYR[c]": -0.114399886510539,
    "UNDECAPRENYL-DIPHOSPHATE[c]": -4.02231901548373e-05,
    "UTP[c]": -0.0889384798713865,
    "ZN+2[c]": -0.00225580363572238,
    "PHB-MONOMER[c]": -3.17568423274098,
    "5-METHYL-THF-GLU-N[c]": -0.000162290114245086,
    "AMMONIUM[c]": -0.00845926363395877,
    "ARG[c]": -0.156860097256703,
    "ASN[c]": -0.164924907469059,
    "ATP[c]": -0.110131793770428,
    "CHORISMATE[c]": -0.000162290114245086,
    "CL-[c]": -0.00338370545358347,
    "CO-A[c]": -0.000418708494752947,
    "CPD-12819[c]": -0.0140644492801629,
    "CPD-12819[p]": -0.026182322662448,
    "CPD-17086[c]": -0.016589736931464,
    "CPD-17086[p]": -0.0308470901294347,
    "CPD-3[c]": -0.00225580363572238,
    "CTP[c]": -0.0871099352875176,
    "CU+2[c]": -0.00225580363572238,
    "CYS[c]": -0.036347010785427,
    "GLN[c]": -0.339765577777903,
    "GLT[c]": -0.415400855933636,
    "GLY[c]": -0.252779664942541,
    "GTP[c]": -0.123562138472637,
    "ILE[c]": -0.237605087832452,
    "L-ALPHA-ALANINE[c]": -0.310490579439813,
    "L-ASPARTATE[c]": -0.21278318912395,
    "LEU[c]": -0.37969661673118,
    "LYS[c]": -0.201002014709051,
    "METHYLENE-THF-GLU-N[c]": -0.000162290114245086,
    "MET[c]": -0.0996497730958423,
    "NADP[c]": -0.000324580228490899,
    "NAD[c]": -0.00133077893681145,
    "PHE[c]": -0.157386063140117,
    "Pi[c]": -0.00281975454465292,
    "S-ADENOSYLMETHIONINE[c]": -0.000162290114245086,
    "SER[c]": -0.264657727809649,
    "THF-GLU-N[c]": -0.000162290114245086,
    "VAL[c]": -0.267622053073629,
    "PPI[c]": 0.481671228083904,
    "WATER[c]": 3.74664876446516
}