{
    "Rpom_hwa_biomass" : {
        "PROTEIN[c]" : -0.561521914,
        "DNA[c]" : -0.05136379,
        "RNA[c]" : -0.093597842,
        "LIPID[c]" : -0.095950926,
        "COFACTORS[c]" : -0.001524574,
        "IONS[c]" : -0.009825009,
        "MUREIN[c]" : -0.026355529,
        "PHB-STORAGE[c]" : -0.091372857,
        "ATP[c]" : -31.36179486,
        "WATER[c]" : -48.601527,
        "NAD[c]" : -0.001831,
        "NADP[c]" : -0.000447,
        "ADP[c]" : 31.36179573,
        "PROTON[c]" : 31.36179573,
        "Pi[c]" : 31.35745773
    },
    "DNA-RXN" : {
        "DATP[c]":-0.509425023,
        "DCTP[c]":-0.525993115,
        "DGTP[c]":-0.525993115,
        "DTTP[c]":-0.509425023,
        "DNA[c]": 1,
        "ATP[c]": -0.731103655,
        "ADP[c]": 0.731103655,
        "PROTON[c]": 0.731103655,
        "Pi[c]": 0.731103655,
        "PPI[c]": 2.070836275
    },
    "RNA-RXN" : {
        "CTP[c]": -0.401180745,
        "GTP[c]": -0.646346089,
        "UTP[c]": -0.433020869,
        "ATP[c]": -0.880652677,
        "RNA[c]": 1,
        "ADP[c]": 0.35529704,
        "PROTON[c]": 0.35529704,
        "Pi[c]": 0.35529704,
        "PPI[c]": 2.00590334
    },
    "PROTEIN-RXN": {
        "L-ALPHA-ALANINE[c]" :  -0.760177851,
        "ARG[c]" :  -0.437725018,
        "ASN[c]" :  -0.356722982,
        "L-ASPARTATE[c]" :  -0.356722982,
        "CYS[c]" :  -0.135523805,
        "GLN[c]" :  -0.389434859,
        "GLT[c]" :  -0.389434859,
        "GLY[c]" :  -0.906606601,
        "HIS[c]" :  -0.140197141,
        "ILE[c]" :  -0.429936617,
        "LEU[c]" :  -0.666714077,
        "LYS[c]" :  -0.507823589,
        "MET[c]" :  -0.227430786,
        "PHE[c]" :  -0.274162674,
        "PRO[c]" :  -0.32712617,
        "SER[c]" :  -0.319337768,
        "THR[c]" :  -0.375416329,
        "TRP[c]" :  -0.084118581,
        "TYR[c]" :  -0.204064103,
        "VAL[c]" :  -0.626212319,
        "PROTEIN[c]": 1,
        "ATP[c]": -33.1963969,
        "ADP[c]": 33.1963969,
        "PROTON[c]": 33.1963969,
        "Pi[c]": 33.1963969
    },
    "LIPID-RXN": {
        "CPD-12819[c]" : -0.186220192,
        "CPD-12819[p]" : -0.478848946,
        "CPD-17086[c]" : -0.564392674,
        "CPD-17086[p]" : -0.219487198,
        "UNDECAPRENYL-DIPHOSPHATE[c]": -5.73E-04,
        "LIPID[c]": 1
    },
    "MUREIN-RXN": {
        "CPD0-2278[p]" : -0.013894,
        "MUREIN[c]": 1
    },
    "COFACTOR-RXN": {
        "FORMYL-THF-GLU-N[c]": -0.14627036,
        "2-OCTAPRENYL-6-HYDROXYPHENOL[c]": -0.14627036,
        "S-ADENOSYLMETHIONINE[c]": -0.14627036,
        "CO-A[c]": -0.377810437,
        "FAD[c]": -0.14627036,
        "METHYLENE-THF-GLU-N[c]": -0.14627036,
        "PYRIDOXAL_PHOSPHATE[c]": -0.14627036,
        "RIBOFLAVIN[c]": -0.14627036,
        "THF-GLU-N[c]": -0.14627036,
        "THIAMINE-PYROPHOSPHATE[c]": -0.14627036,
        "PROTOHEME[c]": -0.14627036,
        "COFACTORS[c]": 1
    },
    "IONS-RXN": {
        "CA+2[c]": -0.529770512,
        "CL-[c]": -0.529770512,
        "CO+2[c]": -0.002544527,
        "CU+2[c]": -0.072162784,
        "FE+2[c]": -0.683459941,
        "FE+3[c]": -0.794706659,
        "K+[c]": -19.86695401,
        "MG+2[c]": -0.882950854,
        "MN+2[c]": -0.070330725,
        "CPD-3[c]": -0.000712468,
        "AMMONIUM[c]": -1.324477172,
        "NI+2[c]": -0.032875288,
        "SULFATE[c]": -0.441526318,
        "ZN+2[c]": -0.034707348,
        "IONS[c]": 1
    },
    "PHB-STORAGE-RXN": {
        "PHB-MONOMER[c]": -10.19061976,
        "PHB-STORAGE[c]": 1
    }
}
