scenario,mu_glc_at_ATPM3.15,mu_ac_at_ATPM3.15,ATPM_for_mu0.22_glc
ED_pathway_disabled,0.22873911303341662,0.3976251002686081,4.239496107732419
ComplexI_non_pumping_plus_GAM_50ATP,0.42899537689065137,0.3083290092270587,24.62492211524463
ComplexI_disabled,0.48657255703051294,0.34893265514479166,28.72532724604301
ComplexI_non_pumping,0.48657255702952606,0.3489326551448034,28.725327246043378
GAM_50ATP,0.509365137403415,0.3586247741950952,41.34852608120258
PPDK_forward_only,0.5587353734745266,0.3496182052469737,44.96531681059541
baseline,0.5660717790992487,0.39762510030835907,45.448931212002336
