{
    "EX_ca2": 0.0005205000000000003,
    "EX_cl": 0.0005205000000000003,
    "EX_cobalt2": 2.5000000000000006e-06,
    "EX_cu2": 7.089999999999999e-05,
    "EX_fe2": 0.0006715000000000002,
    "EX_fe3": 0.0007808000000000003,
    "EX_glc": 13.006742775000006,
    "EX_k": 0.019519300000000007,
    "EX_mg2": 0.0008675000000000003,
    "EX_mn2": 6.909999999999997e-05,
    "EX_mobd": 7e-07,
    "EX_nh4": 1.075678200000007,
    "EX_ni2": 3.229999999999998e-05,
    "EX_o2": 73.92960275000004,
    "EX_pi": 0.09252309999999643,
    "EX_so4": 0.02504029999999988,
    "EX_thm": 2.229999999999999e-05,
    "EX_zn2": 3.4099999999999975e-05
}