{
    "CPD-3[e]": 4.46182e-05,
    "SELENITE[e]": 5.42801e-06,
    "CA+2[e]": 9.909956932,
    "ZN+2[e]": 4.3424e-05,
    "AMMONIUM[e]": 1.628401856,
    "THIAMINE[e]": 0.000160669,
    "Pi[e]": 0.039179479,
    "BIOTIN[e]": 1.11274e-06,
    "MG+2[e]": 51.143585,
    "CU+2[e]": 5.42801e-06,
    "CL-[e]": 524.0377801,
    "CO+2[e]": 2.714e-05,
    "NITRATE[e]": 0.478280654,
    "NI+2[e]": 5.42801e-06,
    "SULFATE[e]": 27.09180466,
    "K+[e]": 9.494684581,
    "PROTON[e]": 0.039448838,
    "FE+3[e]": 0.006350767,
    "FE+2[e]": 0.006350767,
    "MN+2[e]": 0.000493406,
    "HCO3[e]": 2.238749218,
    "NA+[e]": 450.0268493,
    "WATER[e]": 1000,
    "CARBON-DIOXIDE[e]": 1000,
    "OXYGEN-MOLECULE[e]": 20
}