{
    "NaCl": 393.0228781,
    "Na2SO4": 27.09175038,
    "KCl": 8.709490004,
    "Kbr": 0.78518372,
    "H3BO3": 4.014723238,
    "NaF": 0.070994856,
    "NaHCO3": 2.238749218,
    "MgCl2路6H2O": 51.143585,
    "CaCl2路2H2O": 9.909956932,
    "SrCl2路6H2O": 0.089037051,
    "NaNO3": 0.478280654,
    "NaH2PO4路H2O": 0.019638656
}
